<?xml version="1.0" encoding="UTF-8"?>
<beans xmlns="http://www.springframework.org/schema/beans"
       xmlns:xsi="http://www.w3.org/2001/XMLSchema-instance"
       xmlns:context="http://www.springframework.org/schema/context"
       xsi:schemaLocation="http://www.springframework.org/schema/beans
    http://www.springframework.org/schema/beans/spring-beans-3.0.xsd
    http://www.springframework.org/schema/context
    http://www.springframework.org/schema/context/spring-context-3.0.xsd">

    <!-- spring扫描该包下所有类 -->
    <context:component-scan base-package="com.kk.pay">
        <context:exclude-filter type="annotation" expression="org.springframework.stereotype.Controller"/>
    </context:component-scan>

    <!-- 读取properties文件 -->
    <context:property-placeholder location="classpath:*.properties"/>
    <!-- jdbc 数据源 -->
    <bean id="dataSource" class="org.apache.commons.dbcp.BasicDataSource"
          destroy-method="close">
        <!-- Connection Info -->
        <property name="driverClassName" value="${jdbc.driver}"/>
        <property name="url" value="${jdbc.url}"/>
        <property name="username" value="${jdbc.username}"/>
        <property name="password" value="${jdbc.password}"></property>
        <property name="initialSize" value="${jdbc.initialSize}"></property>
        <property name="maxActive" value="${jdbc.maxActive}"></property>

        <!-- Connection Pooling Info -->
        <property name="defaultAutoCommit" value="true"/>
        <property name="timeBetweenEvictionRunsMillis" value="3600000"/>
        <property name="minEvictableIdleTimeMillis" value="3600000"/>
    </bean>
    <!-- spring jdbcTemplate -->
    <bean id="jdbcTemplate" class="org.springframework.jdbc.core.JdbcTemplate">
        <property name="dataSource">
            <ref bean="dataSource"/>
        </property>
    </bean>


    <!-- 文件上传 -->
    <bean id="multipartResolver"
          class="org.springframework.web.multipart.commons.CommonsMultipartResolver">
        <!-- 设置上传文件的最大尺寸为10MB -->
        <!--<property name="maxUploadSize" value="10485760" />-->
        <property name="defaultEncoding" value="UTF-8"/>
    </bean>

</beans>
